Wavelength(nm),Spectral intensity (W m-2 nm-1),Reflection (Total),Reflection (External),Reflection (Escape),Absorption (Substrate),Absorption (Front films),Absorption (Rear films),Absorption (Detached reflector),Transmission,Pathlength enhancement factor (z)
300,0.001027141375530138,0.15575396825396823,0.15575396825396823,0,0.8442460317365439,0,0,0,0,1
302,0.0034773329746406456,0.07892607392607394,0.07892607392607394,0,0.9210120270938322,0,0,0,0,1
304,0.01015429524886383,0.0770707070707071,0.0770707070707071,0,0.9229164482782611,0,0,0,0,1
306,0.01939096096275305,0.06810606060606061,0.06810606060606061,0,0.9318640293889775,0,0,0,0,1
308,0.035884144446638885,0.06948232323232324,0.06948232323232324,0,0.9304941003894154,0,0,0,0,1
310,0.05333117968398517,0.07007326007326009,0.07007326007326009,0,0.9297620521605274,0,0,0,0,1
312,0.08945680558719635,0.09396325896325898,0.09396325896325898,0,0.9060060217052559,0,0,0,0,1
314,0.1153073955132575,0.03913419913419914,0.03913419913419914,0,0.9608594720889023,0,0,0,0,1
316,0.13148665310359942,0.0845289432789433,0.0845289432789433,0,0.9154366340889423,0,0,0,0,1
318,0.1761607225694688,0.07380952380952381,0.07380952380952381,0,0.9261795223171143,0,0,0,0,1
320,0.21057183013101693,0.0857875457875458,0.0857875457875458,0,0.9065201384914177,0,0,0,0,1
322,0.21902368111104625,0.09141996891996892,0.09141996891996892,0,0.9085637150290747,0,0,0,0,1
324,0.25355552940088044,0.11166666666666666,0.11166666666666666,0,0.8882593674404877,0,0,0,0,1
326,0.34930292693178433,0.08882478632478633,0.08882478632478633,0,0.9111494903080335,0,0,0,0,1
328,0.3656029252504123,0.07335200746965455,0.07335200746965455,0,0.9265177399493784,0,0,0,0,1
330,0.4287503261440603,0.08222222222222222,0.08222222222222222,0,0.9177265490423021,0,0,0,0,1
332,0.41172588345571526,0.05163170163170163,0.05163170163170163,0,0.9483067025365204,0,0,0,0,1
334,0.4128125500102905,0.0226923076923077,0.0226923076923077,0,0.9672387722140273,0,0,0,0,1
336,0.40206662519282466,0.06755244755244756,0.06755244755244756,0,0.932439370343387,0,0,0,0,1
338,0.411363661270857,0.0692929292929293,0.0692929292929293,0,0.9306049783910832,0,0,0,0,1
340,0.4679910628370535,0.06805378831694622,0.06805378831694622,0,0.9319152027578468,0,0,0,0,1
342,0.4717340254139237,0.09951298701298703,0.09951298701298703,0,0.9004550794310205,0,0,0,0,1
344,0.4321310665360719,0.07935610141492495,0.07935610141492495,0,0.9205013872956138,0,0,0,0,1
346,0.464731063173328,0.05984848484848485,0.05984848484848485,0,0.9400783853555893,0,0,0,0,1
348,0.46110884132474406,0.0658766233766234,0.0658766233766234,0,0.9257601239275095,0,0,0,0,1
350,0.5013155038440266,0.10595959595959595,0.10595959595959595,0,0.8939272426280246,0,0,0,0,1
352,0.49926291146316215,0.09492424242424244,0.09492424242424244,0,0.9050037781206918,0,0,0,0,1
354,0.5671192007599694,0.05953144078144078,0.05953144078144078,0,0.9403419696115067,0,0,0,0,1
356,0.5292066120781233,0.08303030303030304,0.08303030303030304,0,0.9168564033076676,0,0,0,0,1
358,0.4224718082731812,0.11265734265734266,0.11265734265734266,0,0.8873023780481013,0,0,0,0,1
360,0.5354851299490022,0.11483339759655549,0.11483339759655549,0,0.8851026175440401,0,0,0,0,1
362,0.5272747604255451,0.15516705516705515,0.15516705516705515,0,0.8447760158388473,0,0,0,0,1
364,0.5793140143168687,0.11933621933621934,0.11933621933621934,0,0.8805811812542788,0,0,0,0,1
366,0.6815814111752239,0.12515373515373515,0.12515373515373515,0,0.8748199545574353,0,0,0,0,1
368,0.6616591910080117,0.11017399267399268,0.11017399267399268,0,0.8896323347441246,0,0,0,0,1
370,0.6925688174492619,0.09255952380952381,0.09255952380952381,0,0.9074370391629832,0,0,0,0,1
372,0.6486191923531094,0.06259803921568628,0.06259803921568628,0,0.9373653481266822,0,0,0,0,1
374,0.5468347584078987,0.07975579975579977,0.07975579975579977,0,0.9201458135485912,0,0,0,0,1
376,0.6360621566113515,0.0821969696969697,0.0821969696969697,0,0.9177012087767503,0,0,0,0,1
378,0.7737065868575436,0.06532863765061908,0.06532863765061908,0,0.93464474900365,0,0,0,0,1
380,0.6918443730795449,0.06010683760683762,0.06010683760683762,0,0.9395506159813605,0,0,0,0,1
382,0.5759332739248569,0.11685286935286936,0.11685286935286936,0,0.8829009057860413,0,0,0,0,1
384,0.5124236508463508,0.06844988344988347,0.06844988344988347,0,0.9312069172405361,0,0,0,0,1
386,0.6196414175644371,0.11353646353646354,0.11353646353646354,0,0.8861595156105533,0,0,0,0,1
388,0.6207280841190123,0.09410385366267718,0.09410385366267718,0,0.9054409383008281,0,0,0,0,1
390,0.7534221445054732,0.04760243841126194,0.04760243841126194,0,0.9521230178336406,0,0,0,0,1
392,0.7192525184004974,0.04301698301698302,0.04301698301698302,0,0.9564557827093442,0,0,0,0,1
394,0.5306555008175569,0.035757575757575766,0.035757575757575766,0,0.9639187474121809,0,0,0,0,1
396,0.6703525234446133,0.04339285714285715,0.04339285714285715,0,0.9562347485482281,0,0,0,0,1
398,0.7788984381738474,0.07766233766233767,0.07766233766233767,0,0.9217980196943228,0,0,0,0,1
400,1.0770072963123112,0.03125000000000001,0.03125000000000001,0,0.9682645641656258,0,0,0,0,1
402,1.1397924750211004,0.01111111111111111,0.01111111111111111,0,0.9878406567939466,0,0,0,0,1
404,1.127718402192487,0.04100662194702443,0.04100662194702443,0,0.9584213680714214,0,0,0,0,1
406,1.0842517400094793,0.02857142857142857,0.02857142857142857,0,0.9706852790152791,0,0,0,0,1
408,1.1180591439295964,0.01602564102564103,0.01602564102564103,0,0.9831908444567017,0,0,0,0,1
410,1.0866665545752017,0.04356643356643357,0.04356643356643357,0,0.9555349948425874,0,0,0,0,1
412,1.1687702498097727,0.06678321678321679,0.06678321678321679,0,0.9328162748047302,0,0,0,0,1
414,1.1518665478497139,0.042950558213716114,0.042950558213716114,0,0.9561240822550973,0,0,0,0,1
416,1.2001628391641677,0.07281746031746032,0.07281746031746032,0,0.9265772908173833,0,0,0,0,1
418,1.156696176981159,0.025874125874125874,0.025874125874125874,0,0.9733937474154594,0,0,0,0,1
420,1.1422072895868232,0.051618381618381615,0.051618381618381615,0,0.9479644087623598,0,0,0,0,1
422,1.2025776537298898,0.04505341880341881,0.04505341880341881,0,0.9537138325874537,0,0,0,0,1
424,1.1784295080726632,0.005,0.005,0,0.9941090661680034,0,0,0,0,1
426,1.1687702498097727,0.006666666666666668,0.006666666666666668,0,0.9928247763359078,0,0,0,0,1
428,1.1156443293638736,0.018333333333333333,0.018333333333333333,0,0.9806282369411766,0,0,0,0,1
430,0.8756117615310404,0.04102887308769663,0.04102887308769663,0,0.957775218898594,0,0,0,0,1
432,1.125786550539909,0.038333333333333344,0.038333333333333344,0,0.9608081684730438,0,0,0,0,1
434,1.1422072895868232,0.02713675213675214,0.02713675213675214,0,0.9717522285771881,0,0,0,0,1
436,1.2919257926616285,0.024920634920634923,0.024920634920634923,0,0.9743986877841883,0,0,0,0,1
438,1.2074072828613356,0.04264705882352943,0.04264705882352943,0,0.9491080003978694,0,0,0,0,1
440,1.2557035741757887,0.024358974358974363,0.024358974358974363,0,0.9750355938169053,0,0,0,0,1
442,1.354710971370418,0.015384615384615389,0.015384615384615389,0,0.9837302476386617,0,0,0,0,1
444,1.376444302461922,0.01,0.01,0,0.9888974881234978,0,0,0,0,1
446,1.3450517131075272,0.037933634992458526,0.037933634992458526,0,0.9617968813440516,0,0,0,0,1
448,1.4464739248678795,0.029642857142857148,0.029642857142857148,0,0.9698428157524269,0,0,0,0,1
450,1.504429474445224,0.029761904761904767,0.029761904761904767,0,0.9697275988987417,0,0,0,0,1
452,1.4778665142222744,0.024285714285714292,0.024285714285714292,0,0.9754733986080195,0,0,0,0,1
454,1.4513035539993253,0.049572649572649584,0.049572649572649584,0,0.9500300330996806,0,0,0,0,1
456,1.5068442890109464,0.025,0.025,0,0.9748347098411096,0,0,0,0,1
458,1.4995998453137782,0.026666666666666665,0.026666666666666665,0,0.9731381560283323,0,0,0,0,1
460,1.4851109579194424,0.04391233766233767,0.04391233766233767,0,0.9560479504185462,0,0,0,0,1
462,1.5358220637996185,0.02734487734487735,0.02734487734487735,0,0.9724493756418596,0,0,0,0,1
464,1.504429474445224,0.0125,0.0125,0,0.9872843622321892,0,0,0,0,1
466,1.4826961433537198,0.035959595959595955,0.035959595959595955,0,0.9640404040404039,0,0,0,0,1
468,1.489940587050888,0.0071428571428571435,0.0071428571428571435,0,0.9928571428571429,0,0,0,0,1
470,1.4706220705251063,0,0,0,1.0000000000000002,0,0,0,0,1
472,1.521333176405283,0.060225885225885234,0.060225885225885234,0,0.9397741147741148,0,0,0,0,1
474,1.516503547273837,0.020000000000000004,0.020000000000000004,0,0.9799999999999999,0,0,0,0,1
476,1.5213331764052824,0.04318181818181819,0.04318181818181819,0,0.9568181818181818,0,0,0,0,1
478,1.545481322062509,0.052459088898717386,0.052459088898717386,0,0.9475409111012828,0,0,0,0,1
480,1.5503109511939541,0.06094950800833153,0.06094950800833153,0,0.9390504919916685,0,0,0,0,1
482,1.557555394891123,0.02163461538461539,0.02163461538461539,0,0.9783653846153847,0,0,0,0,1
484,1.5213331764052822,0.03398692810457517,0.03398692810457517,0,0.966013071895425,0,0,0,0,1
486,1.3329776402789142,0.0076923076923076945,0.0076923076923076945,0,0.9923076923076923,0,0,0,0,1
488,1.4368146666049892,0.049702380952380956,0.049702380952380956,0,0.9502976190476191,0,0,0,0,1
490,1.5092591035766691,0.00909090909090909,0.00909090909090909,0,0.990909090909091,0,0,0,0,1
492,1.475451699656552,0.03944444444444444,0.03944444444444444,0,0.9605555555555556,0,0,0,0,1
494,1.5285776201024504,0.05555268261150614,0.05555268261150614,0,0.9444473173884939,0,0,0,0,1
496,1.5334072492338962,0.014583333333333337,0.014583333333333337,0,0.9854166666666666,0,0,0,0,1
498,1.5068442890109464,0,0,0,1,0,0,0,0,1
500,1.4778665142222742,0.017142857142857144,0.017142857142857144,0,0.9828571428571429,0,0,0,0,1
502,1.4561331831307702,0.022424242424242426,0.022424242424242426,0,0.9775757575757578,0,0,0,0,1
504,1.4537183685650474,0,0,0,1,0,0,0,0,1
506,1.533407249233896,0.02297979797979798,0.02297979797979798,0,0.9770202020202021,0,0,0,0,1
508,1.4851109579194426,0.02434782608695652,0.02434782608695652,0,0.9756521739130435,0,0,0,0,1
510,1.504429474445224,0.010230179028132993,0.010230179028132993,0,0.989769820971867,0,0,0,0,1
512,1.5237479909710052,0,0,0,1,0,0,0,0,1
514,1.4513035539993246,0.01602564102564103,0.01602564102564103,0,0.9839743589743591,0,0,0,0,1
516,1.4174961500792076,0.05,0.05,0,0.95,0,0,0,0,1
518,1.335392454844637,0.03611111111111111,0.03611111111111111,0,0.9638888888888891,0,0,0,0,1
520,1.4392294811707116,0.021590909090909095,0.021590909090909095,0,0.978409090909091,0,0,0,0,1
522,1.4778665142222744,0.023376623376623377,0.023376623376623377,0,0.9766233766233767,0,0,0,0,1
524,1.5020146598795012,0.01602564102564103,0.01602564102564103,0,0.9839743589743591,0,0,0,0,1
526,1.4416442957364346,0.02630952380952381,0.02630952380952381,0,0.9736904761904762,0,0,0,0,1
528,1.4488887394336025,0.03643790849673202,0.03643790849673202,0,0.9552287581699346,0,0,0,0,1
530,1.521333176405283,0.026785714285714284,0.026785714285714284,0,0.9732142857142858,0,0,0,0,1
532,1.5068442890109461,0.024358974358974363,0.024358974358974363,0,0.9756410256410257,0,0,0,0,1
534,1.4561331831307704,0.018333333333333333,0.018333333333333333,0,0.9816666666666668,0,0,0,0,1
536,1.516503547273837,0.018141945773524723,0.018141945773524723,0,0.9818580542264753,0,0,0,0,1
538,1.4875257724851652,0,0,0,1,0,0,0,0,1
540,1.4271554083420985,0.015555555555555555,0.015555555555555555,0,0.9844444444444445,0,0,0,0,1
542,1.4585479976964935,0.0071428571428571435,0.0071428571428571435,0,0.9928571428571429,0,0,0,0,1
544,1.4971850307480559,0.0076923076923076945,0.0076923076923076945,0,0.9923076923076926,0,0,0,0,1
546,1.4778665142222742,0.06202704158586512,0.06202704158586512,0,0.937972958414135,0,0,0,0,1
548,1.4706220705251063,0.0071428571428571435,0.0071428571428571435,0,0.9928571428571429,0,0,0,0,1
550,1.4875257724851654,0.020833333333333332,0.020833333333333332,0,0.9791666666666667,0,0,0,0,1
552,1.494770216182333,0,0,0,1,0,0,0,0,1
554,1.4923554016166105,0.034358974358974365,0.034358974358974365,0,0.9656410256410257,0,0,0,0,1
556,1.4754516996565512,0.029166666666666664,0.029166666666666664,0,0.9708333333333334,0,0,0,0,1
558,1.4464739248678795,0.024358974358974363,0.024358974358974363,0,0.9756410256410257,0,0,0,0,1
560,1.4343998520392667,0.028803418803418808,0.028803418803418808,0,0.9711965811965813,0,0,0,0,1
562,1.4633776268279384,0.008333333333333335,0.008333333333333335,0,0.9916666666666666,0,0,0,0,1
564,1.4682072559593837,0.017777777777777778,0.017777777777777778,0,0.9822222222222223,0,0,0,0,1
566,1.4271554083420985,0.05412809412809413,0.05412809412809413,0,0.9458719058719061,0,0,0,0,1
568,1.4561331831307704,0.04111111111111111,0.04111111111111111,0,0.958888888888889,0,0,0,0,1
570,1.4174961500792076,0.03586080586080588,0.03586080586080588,0,0.9641391941391942,0,0,0,0,1
572,1.4416442957364346,0.01,0.01,0,0.99,0,0,0,0,1
574,1.4513035539993246,0.015000000000000003,0.015000000000000003,0,0.9850000000000001,0,0,0,0,1
576,1.4223257792106527,0.00909090909090909,0.00909090909090909,0,0.990909090909091,0,0,0,0,1
578,1.4174961500792076,0.0076923076923076945,0.0076923076923076945,0,0.9923076923076926,0,0,0,0,1
580,1.4416442957364344,0.032900432900432895,0.032900432900432895,0,0.9670995670995671,0,0,0,0,1
582,1.4730368850908293,0.017424242424242425,0.017424242424242425,0,0.9825757575757577,0,0,0,0,1
584,1.4851109579194424,0.028535353535353535,0.028535353535353535,0,0.9714646464646466,0,0,0,0,1
586,1.4561331831307702,0.02724089635854342,0.02724089635854342,0,0.9727591036414568,0,0,0,0,1
588,1.3981776335534266,0.02142857142857143,0.02142857142857143,0,0.9785714285714284,0,0,0,0,1
590,1.3257331965817463,0.03111111111111111,0.03111111111111111,0,0.9688888888888891,0,0,0,0,1
592,1.3933480044219808,0.01111111111111111,0.01111111111111111,0,0.9888888888888889,0,0,0,0,1
594,1.3909331898562585,0,0,0,1,0,0,0,0,1
596,1.4102517063820397,0.026666666666666672,0.026666666666666672,0,0.9733333333333333,0,0,0,0,1
598,1.4126665209477625,0.009523809523809523,0.009523809523809523,0,0.9904761904761905,0,0,0,0,1
600,1.4126665209477625,0.025757575757575757,0.025757575757575757,0,0.9742424242424244,0,0,0,0,1
602,1.3933480044219808,0.029166666666666664,0.029166666666666664,0,0.9652777777777779,0,0,0,0,1
604,1.4319850374735434,0,0,0,1,0,0,0,0,1
606,1.4343998520392665,0.008333333333333335,0.008333333333333335,0,0.9916666666666668,0,0,0,0,1
608,1.4295702229078207,0.01254901960784314,0.01254901960784314,0,0.987450980392157,0,0,0,0,1
610,1.4126665209477625,0.028333333333333332,0.028333333333333332,0,0.9716666666666669,0,0,0,0,1
612,1.4199109646449304,0.01666666666666667,0.01666666666666667,0,0.9833333333333334,0,0,0,0,1
614,1.3885183752905357,0.006250000000000001,0.006250000000000001,0,0.99375,0,0,0,0,1
616,1.3861035607248129,0.030952380952380953,0.030952380952380953,0,0.9690476190476192,0,0,0,0,1
618,1.400592448119149,0.01,0.01,0,0.9800000000000001,0,0,0,0,1
620,1.422325779210653,0,0,0,1.0000000000000002,0,0,0,0,1
622,1.3836887461590903,0.02825396825396826,0.02825396825396826,0,0.9717460317460317,0,0,0,0,1
624,1.3595406005018633,0,0,0,1,0,0,0,0,1
626,1.3619554150675859,0.020833333333333336,0.020833333333333336,0,0.9791666666666667,0,0,0,0,1
628,1.345051713107528,0.028799019607843136,0.028799019607843136,0,0.961200980392157,0,0,0,0,1
630,1.3522961568046956,0.044642857142857144,0.044642857142857144,0,0.9553571428571429,0,0,0,0,1
632,1.34746652767325,0,0,0,1,0,0,0,0,1
634,1.3836887461590905,0.01666666666666667,0.01666666666666667,0,0.9833333333333332,0,0,0,0,1
636,1.3812739315933675,0.030043290043290045,0.030043290043290045,0,0.9699567099567099,0,0,0,0,1
638,1.4150813355134848,0,0,0,1.0000000000000002,0,0,0,0,1
640,1.3885183752905357,0.00909090909090909,0.00909090909090909,0,0.990909090909091,0,0,0,0,1
642,1.3861035607248129,0.017142857142857144,0.017142857142857144,0,0.9828571428571429,0,0,0,0,1
644,1.3957628189877036,0,0,0,1,0,0,0,0,1
646,1.369199858764754,0.022483766233766234,0.022483766233766234,0,0.9775162337662339,0,0,0,0,1
648,1.335392454844637,0.022132352941176475,0.022132352941176475,0,0.9778676470588236,0,0,0,0,1
650,1.3305628257131914,0.0076923076923076945,0.0076923076923076945,0,0.9923076923076923,0,0,0,0,1
652,1.359540600501863,0.015384615384615389,0.015384615384615389,0,0.9846153846153849,0,0,0,0,1
654,1.3522961568046954,0.050793650793650794,0.050793650793650794,0,0.9492063492063492,0,0,0,0,1
656,1.1953332100327219,0,0,0,1,0,0,0,0,1
658,1.3015850509245193,0,0,0,1,0,0,0,0,1
660,1.34746652767325,0.00909090909090909,0.00909090909090909,0,0.990909090909091,0,0,0,0,1
662,1.335392454844637,0.006666666666666668,0.006666666666666668,0,0.9933333333333334,0,0,0,0,1
664,1.34746652767325,0.034578005115089516,0.034578005115089516,0,0.9654219948849105,0,0,0,0,1
666,1.369199858764754,0.01,0.01,0,0.99,0,0,0,0,1
668,1.369199858764754,0,0,0,1,0,0,0,0,1
670,1.3740294878961996,0.006250000000000001,0.006250000000000001,0,0.99375,0,0,0,0,1
672,1.3522961568046956,0.034136321195144724,0.034136321195144724,0,0.9658636788048554,0,0,0,0,1
674,1.3522961568046956,0,0,0,1,0,0,0,0,1
676,1.354710971370418,0,0,0,1.0000000000000002,0,0,0,0,1
678,1.3498813422389728,0.030202020202020195,0.030202020202020195,0,0.9697979797979798,0,0,0,0,1
680,1.342636898541805,0.03611111111111111,0.03611111111111111,0,0.9638888888888889,0,0,0,0,1
682,1.340222083976082,0.029194139194139202,0.029194139194139202,0,0.970805860805861,0,0,0,0,1
684,1.325733196581746,0.037896825396825394,0.037896825396825394,0,0.9549603174603176,0,0,0,0,1
686,1.2110295047099198,0.019548872180451128,0.019548872180451128,0,0.9804511278195489,0,0,0,0,1
688,1.0444072996750549,0.031313131313131314,0.031313131313131314,0,0.9686868686868688,0,0,0,0,1
690,1.137377660455378,0.015882352941176472,0.015882352941176472,0,0.9841176470588235,0,0,0,0,1
692,1.2146517265585035,0.01,0.01,0,0.9900000000000002,0,0,0,0,1
694,1.2098220974270577,0.006250000000000001,0.006250000000000001,0,0.9937500000000001,0,0,0,0,1
696,1.2387998722157305,0.006666666666666668,0.006666666666666668,0,0.9933333333333334,0,0,0,0,1
698,1.2726072761358473,0.050678210678210676,0.050678210678210676,0,0.9493217893217892,0,0,0,0,1
700,1.2339702430842847,0.01388888888888889,0.01388888888888889,0,0.9777777777777779,0,0,0,0,1
702,1.2194813556899489,0.0333065953654189,0.0333065953654189,0,0.9666934046345812,0,0,0,0,1
704,1.2532887596100664,0.053449883449883454,0.053449883449883454,0,0.9465501165501167,0,0,0,0,1
706,1.2677776470044022,0.025,0.025,0,0.9749999999999999,0,0,0,0,1
708,1.2605332033072343,0.047424242424242424,0.047424242424242424,0,0.9525757575757577,0,0,0,0,1
710,1.2653628324386794,0.01602564102564103,0.01602564102564103,0,0.9839743589743589,0,0,0,0,1
712,1.2557035741757887,0.0425,0.0425,0,0.9575000000000001,0,0,0,0,1
714,1.2436295013471756,0.06792549555707451,0.06792549555707451,0,0.9320745044429255,0,0,0,0,1
716,1.1832591372041088,0.02142857142857143,0.02142857142857143,0,0.9785714285714286,0,0,0,0,1
718,0.9854858242714217,0.006666666666666668,0.006666666666666668,0,0.9933333333333334,0,0,0,0,1
720,0.9579569382221835,0.016783216783216787,0.016783216783216787,0,0.9832167832167833,0,0,0,0,1
722,1.134962845889655,0.06114219114219116,0.06114219114219116,0,0.938857808857809,0,0,0,0,1
724,1.0335406341293027,0.03686868686868687,0.03686868686868687,0,0.9631313131313133,0,0,0,0,1
726,1.033540634129303,0.030000000000000006,0.030000000000000006,0,0.9700000000000003,0,0,0,0,1
728,1.0142221176035218,0.006250000000000001,0.006250000000000001,0,0.99375,0,0,0,0,1
730,1.0552739652208067,0,0,0,1,0,0,0,0,1
732,1.101155441969538,0.008333333333333335,0.008333333333333335,0,0.9916666666666668,0,0,0,0,1
734,1.1735998789412176,0.020202020202020204,0.020202020202020204,0,0.9797979797979799,0,0,0,0,1
736,1.1615258061126048,0,0,0,1,0,0,0,0,1
738,1.16635543524405,0,0,0,1,0,0,0,0,1
740,1.1687702498097727,0.014835164835164838,0.014835164835164838,0,0.9851648351648352,0,0,0,0,1
742,1.1760146935069409,0,0,0,1,0,0,0,0,1
744,1.2049924682956128,0.00909090909090909,0.00909090909090909,0,0.9818181818181818,0,0,0,0,1
746,1.2001628391641677,0.02,0.02,0,0.97,0,0,0,0,1
748,1.1953332100327216,0.02447552447552448,0.02447552447552448,0,0.9755244755244756,0,0,0,0,1
750,1.188088766335554,0.03909090909090909,0.03909090909090909,0,0.9609090909090912,0,0,0,0,1
752,1.1856739517698316,0.01,0.01,0,0.99,0,0,0,0,1
754,1.1905035809012767,0.008333333333333335,0.008333333333333335,0,0.9916666666666666,0,0,0,0,1
756,1.180844322638386,0.03365079365079365,0.03365079365079365,0,0.9663492063492065,0,0,0,0,1
758,1.1760146935069407,0.01111111111111111,0.01111111111111111,0,0.9888888888888889,0,0,0,0,1.0026762894242958
760,0.4525362496164284,0.01,0.01,0,0.99,0,0,0,0,1.0009624255249039
762,0.4597806933135965,0.015384615384615389,0.015384615384615389,0,0.9846153846153847,0,0,0,0,1.0025302228811157
764,0.5158043912383626,0,0,0,1,0,0,0,0,1.0041388792599837
766,0.7918176961004636,0.006666666666666668,0.006666666666666668,0,0.9933333333333334,0,0,0,0,1.0115800260318661
768,1.0410265592830434,0.01111111111111111,0.01111111111111111,0,0.9888888888888889,0,0,0,0,1.0149706582276032
770,1.1132295147981512,0.04652777777777778,0.04652777777777778,0,0.9534722222222222,0,0,0,0,1.0654581662653861
772,1.13013321675821,0,0,0,0.9999999999999998,0,0,0,0,1.0614085073586832
774,1.1301332167582099,0.014285714285714285,0.014285714285714285,0,0.9857142857142854,0,0,0,0,1.0853091919868736
776,1.134962845889655,0,0,0,0.9999999999999993,0,0,0,0,1.107763397022703
778,1.13013321675821,0,0,0,0.9999999999999991,0,0,0,0,1.1134197406615933
780,1.122888773061042,0,0,0,0.9999999999999982,0,0,0,0,1.1106802746165
782,1.1204739584953192,0.0125,0.0125,0,0.9874999999999977,0,0,0,0,1.1149017343604026
784,1.1156443293638738,0.03016806722689076,0.03016806722689076,0,0.9698319327731049,0,0,0,0,1.1181280091747332
786,1.1156443293638736,0.01,0.01,0,0.9899999999999913,0,0,0,0,1.1159157239930917
788,1.0914961837066472,0.01,0.01,0,0.9899999999999792,0,0,0,0,1.1093190104593957
790,1.062518408917975,0,0,0,0.9999999999999621,0,0,0,0,1.1144451908029835
792,1.0528591506550846,0.016666666666666666,0.016666666666666666,0,0.9833333333332825,0,0,0,0,1.1207421860627855
794,1.0504443360893616,0.02,0.02,0,0.9799999999998686,0,0,0,0,1.105437455441589
796,1.0431998923921937,0.008333333333333335,0.008333333333333335,0,0.9916666666665014,0,0,0,0,1.1188201678043403
798,1.0625184089179753,0.017692307692307695,0.017692307692307695,0,0.9823076923074016,0,0,0,0,1.1152592490686257
800,1.040785077826471,0.016993464052287584,0.016993464052287584,0,0.9830065359472643,0,0,0,0,1.1162856389218496
802,1.0383702632607485,0.015476190476190477,0.015476190476190477,0,0.9845238095231839,0,0,0,0,1.1230987683835927
804,1.0311258195635804,0.015555555555555555,0.015555555555555555,0,0.9844444444428083,0,0,0,0,1.1062180262949106
806,1.040785077826471,0.014835164835164838,0.014835164835164838,0,0.9851648351625342,0,0,0,0,1.1118489100804119
808,1.0359554486950258,0.043615165364391376,0.043615165364391376,0,0.9563848346326485,0,0,0,0,1.1202857270294015
810,1.0142221176035218,0.02,0.02,0,0.9799999999953218,0,0,0,0,1.121879084064512
812,0.990073971946295,0.013333333333333336,0.013333333333333336,0,0.9866666666572375,0,0,0,0,1.1147098725056515
814,0.8946887966002495,0.01818181818181818,0.01818181818181818,0,0.9818181818069677,0,0,0,0,1.1253804175855024
816,0.8215199152588524,0.0125,0.0125,0,0.9874999999756101,0,0,0,0,1.1110659982711268
818,0.8191051006931298,0.0264520202020202,0.0264520202020202,0,0.9735479797572089,0,0,0,0,1.1116653696445564
820,0.8731969469653178,0.0125,0.0125,0,0.9874999999438524,0,0,0,0,1.1152860744073798
822,0.8606399112235599,0.00909090909090909,0.00909090909090909,0,0.9909090908210306,0,0,0,0,1.115152043259799
824,0.8456680609160792,0,0,0,0.9999999998831166,0,0,0,0,1.1185859063738588
826,0.9202858309969096,0.011111111111111113,0.011111111111111113,0,0.9888888887399115,0,0,0,0,1.125596367358573
828,0.8700576880298783,0.00909090909090909,0.00909090909090909,0,0.9909090906919487,0,0,0,0,1.12952127466031
830,0.8872028714465092,0.02,0.02,0,0.9799999996376046,0,0,0,0,1.122566982707514
832,0.8835806495979253,0.005,0.005,0,0.9949999994026555,0,0,0,0,1.1158055577121435
834,0.9214932382797709,0.01380952380952381,0.01380952380952381,0,0.986190475330169,0,0,0,0,1.117286296929587
836,0.9538517534604549,0.017424242424242425,0.017424242424242425,0,0.9825757563834758,0,0,0,0,1.1191579704423549
838,0.9659258262890681,0.023333333333333338,0.023333333333333338,0,0.9766666649426627,0,0,0,0,1.1186461068137568
840,0.9726873070730919,0.008333333333333335,0.008333333333333335,0,0.9916666642392313,0,0,0,0,1.1209183673547671
842,0.9654428633759237,0.0315018315018315,0.0315018315018315,0,0.9684981649727543,0,0,0,0,1.1213251121477694
844,0.9601302713313338,0,0,0,0.9999999950002809,0,0,0,0,1.1253053975496494
846,0.9753436030953868,0.01111111111111111,0.01111111111111111,0,0.9888888819947464,0,0,0,0,1.127702118962405
848,0.9538517534604549,0.02708333333333333,0.02708333333333333,0,0.9729166562256495,0,0,0,0,1.1239770792196206
850,0.902416203210562,0.027840909090909093,0.027840909090909093,0,0.9721590755976734,0,0,0,0,1.124132980977364
852,0.9340502740215291,0.005882352941176472,0.005882352941176472,0,0.9941176235315679,0,0,0,0,1.1216648804094043
854,0.8620887999629934,0.0076923076923076945,0.0076923076923076945,0,0.9923076568607175,0,0,0,0,1.118989324463136
856,0.9270473117809332,0.027976190476190477,0.027976190476190477,0,0.9720237655662723,0,0,0,0,1.1277278925597298
858,0.9553006421998887,0,0,0,0.9999999343294066,0,0,0,0,1.1291878189592202
860,0.9521613832644491,0.0225,0.0225,0,0.9774999037359982,0,0,0,0,1.124633558222698
862,0.9577154567656112,0.014835164835164838,0.014835164835164838,0,0.9851647121821736,0,0,0,0,1.130732031613292
864,0.9441924951975642,0.00909090909090909,0.00909090909090909,0,0.9909089150755668,0,0,0,0,1.128470700730833
866,0.8613643555932766,0.0173202614379085,0.0173202614379085,0,0.9826794772088094,0,0,0,0,1.122280463132015
868,0.9108680541905916,0.005555555555555557,0.005555555555555557,0,0.9888885284656643,0,0,0,0,1.110687564665713
870,0.9243910157586382,0.01838235294117647,0.01838235294117647,0,0.9816171366841268,0,0,0,0,1.1204556607710074
872,0.9255984230414998,0.01,0.01,0,0.989999364537147,0,0,0,0,1.1290327930535096
874,0.9065213879722906,0.0071428571428571435,0.0071428571428571435,0,0.992856247218606,0,0,0,0,1.1298153601072722
876,0.9120754614734528,0.025757575757575757,0.025757575757575757,0,0.9742411182780136,0,0,0,0,1.123128928134142
878,0.9144902760391753,0.01291666666666667,0.01291666666666667,0,0.9870815540446116,0,0,0,0,1.1238729864819672
880,0.8968621297093999,0.013333333333333336,0.013333333333333336,0,0.9866641767443161,0,0,0,0,1.1234500565284018
882,0.8917910191213825,0.027424242424242427,0.027424242424242427,0,0.9725726991339914,0,0,0,0,1.1279509951649453
884,0.9004843515579839,0.02252747252747253,0.02252747252747253,0,0.9774685710790776,0,0,0,0,1.1298731134401714
886,0.8838221310544974,0.00909090909090909,0.00909090909090909,0,0.9909037968128125,0,0,0,0,1.1283877753176563
888,0.8886517601859429,0.0125,0.0125,0,0.9874929241113964,0,0,0,0,1.1265197369524405
890,0.8927569449476713,0.008333333333333335,0.008333333333333335,0,0.9916574296395078,0,0,0,0,1.126375989751126
892,0.8707821323995952,0,0,0,0.9999749380363514,0,0,0,0,1.1164276754717635
894,0.8162073232142626,0.023809523809523808,0.023809523809523808,0,0.9761758206308752,0,0,0,0,1.1346283213353592
896,0.7232369624339399,0.008333333333333335,0.008333333333333335,0,0.9916490457078464,0,0,0,0,1.143929298002135
898,0.6382354897205019,0.0071428571428571435,0.0071428571428571435,0,0.9928285424090844,0,0,0,0,1.1215403134736381
900,0.6338888235022011,0,0,0,0.9999642679263812,0,0,0,0,1.1273258240003035
902,0.6319569718496229,0,0,0,0.9999576956351716,0,0,0,0,1.1340051707208947
904,0.7693599206392427,0.03380952380952381,0.03380952380952381,0,0.9661383695481887,0,0,0,0,1.1295959082308107
906,0.7239614068036566,0.006250000000000001,0.006250000000000001,0,0.9936765206389738,0,0,0,0,1.1198679592712544
908,0.6372695638942127,0.0071428571428571435,0.0071428571428571435,0,0.9927792563811307,0,0,0,0,1.1377404439097585
910,0.631232527479906,0.01111111111111111,0.01111111111111111,0,0.988782501986363,0,0,0,0,1.124885185369126
912,0.6440310446782362,0.01111111111111111,0.01111111111111111,0,0.9887646571067513,0,0,0,0,1.131729682338068
914,0.6165021586289978,0.017142857142857144,0.017142857142857144,0,0.9826971769491262,0,0,0,0,1.1260668276539945
916,0.61674364008557,0,0,0,0.9998199973550699,0,0,0,0,1.1421837908526593
918,0.6392014155467909,0.0076923076923076945,0.0076923076923076945,0,0.9920574990640751,0,0,0,0,1.1233705710020956
920,0.7242028882602289,0,0,0,0.9997131412678739,0,0,0,0,1.1336241136482115
922,0.7044014088213029,0.02733516483516484,0.02733516483516484,0,0.972331801347134,0,0,0,0,1.139203929963361
924,0.6978814094938518,0.0076923076923076945,0.0076923076923076945,0,0.991851624742797,0,0,0,0,1.1273842778338095
926,0.6993302982332854,0.037083333333333336,0.037083333333333336,0,0.9623904159917676,0,0,0,0,1.1322334887778023
928,0.6063599374529626,0.008333333333333335,0.008333333333333335,0,0.9909642759837606,0,0,0,0,1.1244704735599553
930,0.43949625096152606,0.02976190476190476,0.02976190476190476,0,0.9694791741520656,0,0,0,0,1.1416593015825216
932,0.30330070945476745,0.02222222222222222,0.02222222222222222,0,0.976837603068127,0,0,0,0,1.1370927666431636
934,0.18932146195265734,0.029444444444444447,0.029444444444444447,0,0.9694199410804382,0,0,0,0,1.1335474281177325
936,0.17748887058061633,0.0076923076923076945,0.0076923076923076945,0,0.9909703986405776,0,0,0,0,1.140381711170066
938,0.23206367976594863,0.01875,0.01875,0,0.9796026812564355,0,0,0,0,1.1321329004367078
940,0.4126918092820044,0.04623376623376624,0.04623376623376624,0,0.9519869943272237,0,0,0,0,1.1449323092906265
942,0.3518384822257931,0.016250000000000004,0.016250000000000004,0,0.9814847400985585,0,0,0,0,1.1451023024786298
944,0.2933999697353044,0.02142857142857143,0.02142857142857143,0,0.9757366742868999,0,0,0,0,1.132022714818894
946,0.27166663864380053,0.016993464052287584,0.016993464052287584,0,0.9795091916286107,0,0,0,0,1.1280261722354041
948,0.3402473723103242,0,0,0,0.9957882653440736,0,0,0,0,1.1308676678526086
950,0.3064399683902069,0.03170995670995671,0.03170995670995671,0,0.9637147023250312,0,0,0,0,1.1469694855624404
952,0.3286562623948555,0,0,0,0.9940593936162216,0,0,0,0,1.1279249475566417
954,0.3692251470989963,0.005882352941176472,0.005882352941176472,0,0.9880869649818461,0,0,0,0,1.1574955167462702
956,0.3052325611073456,0.006666666666666668,0.006666666666666668,0,0.9864100888888363,0,0.00009056661279860191,0,0,1.1620629371969537
958,0.37743551662245345,0.006666666666666668,0.006666666666666668,0,0.9860840481721642,0,0.00017359133581141764,0,0,1.1861420543647974
960,0.40351551393225826,0.03992424242424243,0.03992424242424243,0,0.9538169831654745,0,0.00042929980044850236,0,0,1.255668280139848
962,0.4457747688324051,0.01111111111111111,0.01111111111111111,0,0.9846065673035346,0,0.000644182821389695,0,0,1.403444160967662
964,0.4636443966187528,0.01,0.01,0,0.9883017194527017,0,0.001008798488500106,0,0,1.71721888053326
966,0.4841703204273955,0.014358974358974364,0.014358974358974364,0,0.9843481516792572,0,0.001141584479095377,0,0,1.8252106306169231
968,0.6000814195820837,0.014358974358974364,0.014358974358974364,0,0.9839806928243663,0,0.001408882594473851,0,0,1.8245910142596309
970,0.6428236373953748,0.008333333333333335,0.008333333333333335,0,0.9900108889902836,0,0.001391288724398353,0,0,1.8916048860279375
972,0.6493436367228262,0.0071428571428571435,0.0071428571428571435,0,0.9907934791617677,0,0.0016700335300435434,0,0,1.8850313161103354
974,0.5653080898356773,0.02009803921568628,0.02009803921568628,0,0.9776851664814716,0,0.0018161802218440667,0,0,1.917415039059027
976,0.5711036447934116,0.026691729323308273,0.026691729323308273,0,0.9703958271809998,0,0.0022493369420981506,0,0,1.8894506891742455
978,0.6034621599740955,0.01817982456140351,0.01817982456140351,0,0.9787101166535752,0,0.002469775762631006,0,0,1.9342610967306562
980,0.6165021586289977,0,0,0,0.9900051738959339,0,0.002877587728699484,0,0,1.8411076269130073
982,0.6660058572263124,0.0076923076923076945,0.0076923076923076945,0,0.9882062586597364,0,0.003089606488436083,0,0,1.9801524038877438
984,0.6817021519035099,0.00909090909090909,0.00909090909090909,0,0.985874687505612,0,0.003507362326684388,0,0,1.979850212537619
986,0.7053673346475922,0.0076923076923076945,0.0076923076923076945,0,0.9858756420693942,0,0.004943709460803787,0,0,1.9698884114315536
988,0.7123702968881878,0.03448773448773449,0.03448773448773449,0,0.9593830624975345,0,0.003942217420560743,0,0,2.05199812067273
990,0.7143021485407658,0.018333333333333333,0.018333333333333333,0,0.9744646427493601,0,0.004329628083137321,0,0,2.0762220647835177
992,0.720580666411645,0.01666666666666667,0.01666666666666667,0,0.9743406031376571,0,0.006117622978248418,0,0,2.064226796352262
994,0.7217880736945063,0.008333333333333335,0.008333333333333335,0,0.9820678973012169,0,0.0059845192775703415,0,0,2.120910652450652
996,0.7200977034985003,0.0375,0.0375,0,0.9513319354127153,0,0.006657655251971081,0,0,2.1229990483011143
998,0.7118873339750432,0.025030245902510163,0.02474747474747474,0.0002827711550354231,0.9633462131105317,0,0.00794389074798014,0,0,2.1975443262047643
1000,0.7109214081487542,0.03791828214975057,0.03659090909090909,0.00132737305884148,0.9507546901487733,0,0.008124313971207362,0,0,2.265341991982546
1002,0.7065747419304536,0.021684672920725394,0.02,0.0016846729207253934,0.9660541482299712,0,0.00928039700276535,0,0,2.3228185827414842
1004,0.6891880770572502,0.034819538175093326,0.03222222222222222,0.0025973159528711043,0.9541033733363486,0,0.008763465165206543,0,0,2.4330852732095383
1006,0.682668077729799,0.007966004373836556,0.005555555555555557,0.0024104488182809993,0.9789420880174383,0,0.010766187695519774,0,0,2.478902319601038
1008,0.6986058538635688,0.004024319268280714,0,0.004024319268280714,0.9823869441127918,0,0.011289076116071104,0,0,2.5175357658040123
1010,0.6937762247321233,0.02888418087340918,0.025,0.0038841808734091793,0.9550931150830415,0,0.012832400654650947,0,0,2.551644795033726
1012,0.6932932618189787,0.029863015322558827,0.025,0.004863015322558825,0.9545474314819785,0,0.012602742402631869,0,0,2.6468125062392187
1014,0.6906369657966839,0.03838667428593257,0.030952380952380953,0.007434293333551618,0.9434660628853356,0,0.015635154210155305,0,0,2.605153094472804
1016,0.6821851148166544,0.012219933522202353,0.006666666666666668,0.005553266855535685,0.9676783689018551,0,0.016565240945124453,0,0,2.7563459697766826
1018,0.679045855881215,0.05226692914875354,0.04083333333333333,0.011433595815420208,0.9273417917707732,0,0.01783546207380149,0,0,2.703227068913106
1020,0.6715599307274748,0.0626681153356793,0.04583333333333333,0.01683478200234597,0.91784204337348,0,0.017566602517387175,0,0,2.747330539659844
1022,0.6686621532486076,0.028737406678554716,0.0125,0.016237406678554715,0.9474391917022617,0,0.02158841866369027,0,0,2.8313329760213866
1024,0.6681791903354629,0.03901915478339533,0.02,0.019019154783395328,0.9372564261538139,0,0.02083359525873974,0,0,2.9458357298000104
1026,0.670111041988041,0.023431104302269242,0.0076923076923076945,0.015738796609961546,0.9492925442661073,0,0.02422376049669983,0,0,3.109816126021178
1028,0.6662473386828848,0.056674610467239685,0.02857142857142857,0.028103181895811114,0.8989670925916885,0,0.027462935494981067,0,0,2.80453051245956
1030,0.6633495612040176,0.031173685004512768,0.0071428571428571435,0.024030827861655626,0.9300930491973132,0,0.02855085740416175,0,0,3.1067860859485603
1032,0.6594858578988614,0.02088629886770228,0,0.02088629886770228,0.9432582741266791,0,0.03228460755252853,0,0,3.3688600436658653
1034,0.6544147473108436,0.03580584229651857,0.0076923076923076945,0.02811353460421088,0.9276341017763355,0,0.03280325811844986,0,0,3.3635889767659606
1036,0.6551391916805605,0.04788560796185938,0.0076923076923076945,0.04019330026955169,0.9152810529581744,0,0.03395010776324454,0,0,3.3643647561305214
1038,0.6488606738096817,0.07806061636487312,0.034722222222222224,0.04333839414265089,0.8868751903644266,0,0.03246334936592813,0,0,3.536234359926515
1040,0.6481362294399649,0.07194255555240323,0.014285714285714285,0.05765684126668894,0.890228363403555,0,0.03512713980644801,0,0,3.4612240702887567
1042,0.64547993341767,0.0639844406327684,0.005882352941176472,0.058102087691591926,0.895785341147435,0,0.0374830479196268,0,0,3.6546738600566826
1044,0.6418577115690861,0.0710486169395852,0.008333333333333335,0.06271528360625186,0.8822876319263708,0,0.043986647097435834,0,0,3.709813516621508
1046,0.6297836387404726,0.08548739630218191,0.01666666666666667,0.06882072963551525,0.8663025062318231,0,0.04550716208024118,0,0,3.8395729253404256
1048,0.6360621566113515,0.09621197137345891,0.013574660633484165,0.08263731073997474,0.8515968367674365,0,0.04933161885689689,0,0,3.822510920155505
1050,0.6317154903930505,0.1494681788110582,0.039642857142857146,0.10982532166820105,0.7995375834477415,0,0.0484293391568501,0,0,3.6899968829789906
1052,0.6273688241747497,0.1199694756872417,0.03111111111111111,0.08885836457613058,0.8307922859106714,0,0.04646647609515976,0,0,4.313978302818685
1054,0.6239880837827381,0.14457417606359263,0.017424242424242425,0.1271499336393502,0.7901324325482636,0,0.052114069708341,0,0,3.9003874977506525
1056,0.6230221579564489,0.15879904949605533,0.021639928698752232,0.1371591207973031,0.7842558779055576,0,0.05452637084434605,0,0,4.123119089580662
1058,0.6114310480409804,0.15704957955082294,0.02361111111111111,0.13343846843971183,0.7759327467754806,0,0.06151713649144965,0,0,4.472069066971153
1060,0.6046695672569566,0.15789615189836426,0,0.15789615189836426,0.7662298030937273,0,0.0642235285308442,0,0,4.487666074835387
1062,0.6041866043438121,0.16232038364745208,0.00909090909090909,0.15322947455654298,0.7655517778474515,0,0.06965300706459789,0,0,4.800650680863248
1064,0.6056354930832458,0.13971178858551786,0.00909090909090909,0.13062087949460877,0.7844891890200516,0,0.07308722064819706,0,0,5.350249108184015
1066,0.5979080864729333,0.17332575691106084,0.013333333333333336,0.1599924235777275,0.7517250519515752,0,0.07275291604775277,0,0,5.215042957908749
1068,0.5892147540363315,0.22276786396652234,0.026666666666666672,0.19610119729985567,0.7072308291111411,0,0.06830388494390095,0,0,5.072771117888359
1070,0.5810043845128743,0.16206756588449284,0.008333333333333335,0.1537342325511595,0.746653874671284,0,0.08276491738816064,0,0,5.932717242226372
1072,0.590422161319193,0.2079525891775909,0.015000000000000003,0.1929525891775909,0.7102731471396804,0,0.079627562615017,0,0,5.694184100582264
1074,0.5875243838403257,0.26606134309684654,0.03106893106893107,0.23499241202791546,0.6558190120099564,0,0.07653124828331995,0,0,5.203749829147212
1076,0.5843851249048864,0.24676236926476056,0.051190476190476196,0.19557189307428435,0.6653125353553201,0,0.08494701796661196,0,0,5.947299279898281
1078,0.5819703103391636,0.24424460687994237,0.019444444444444445,0.22480016243549794,0.6639014283412243,0,0.0868102248875863,0,0,5.835335769247907
1080,0.573276977902562,0.25423563225019513,0.022222222222222223,0.2320134100279729,0.6559920768303539,0,0.08867263871230006,0,0,6.062590489601098
1082,0.5677229044013999,0.2812958145448148,0.026096491228070173,0.2551993233167446,0.6281368425117406,0,0.0884952004980222,0,0,5.995454799991484
1084,0.5655495712922495,0.3096262965325049,0.026091269841269842,0.28353502669123504,0.5999314317434207,0,0.08947855378240972,0,0,5.758493792691152
1086,0.5464725362230404,0.30852059057962106,0,0.30852059057962106,0.5868492270462965,0,0.10329024245590339,0,0,5.617961146456682
1088,0.5614443865305211,0.3103818445126084,0.01944444444444444,0.290937400068164,0.596054455571638,0,0.09264072798484475,0,0,6.304382751334242
1090,0.548887350788763,0.3010057027641623,0.02,0.28100570276416226,0.5909826732365079,0,0.10714606722508928,0,0,6.645461751602054
1092,0.5447821660270344,0.3391423286683522,0.01,0.3291423286683522,0.5599140947856508,0,0.0998659376503411,0,0,6.35074683844544
1094,0.50807698462805,0.3625965423335339,0,0.3625965423335339,0.5308386914766039,0,0.10569795580017019,0,0,6.026263637588332
1096,0.5071110588017608,0.34159121975019263,0.008333333333333335,0.3332578864168593,0.5511340584248474,0,0.10681021559701867,0,0,6.872673335475402
1098,0.5039717998663213,0.37451694738968994,0.00909090909090909,0.36542603829878084,0.5165830462117634,0,0.10843682852517562,0,0,6.609388611784032
1100,0.47571846944736607,0.4023940323535342,0.042549019607843144,0.3598450127456911,0.4880974011522266,0,0.10904661823299369,0,0,6.798868674680067
1102,0.4580903231175907,0.43440885886892,0.036785714285714276,0.39762314458320575,0.4498531937590104,0,0.11553369853587972,0,0,6.338062797336453
1104,0.4592977304004521,0.3872641641326932,0,0.3872641641326932,0.49462502164483446,0,0.11762890944284121,0,0,7.2942526286490095
1106,0.4300784741552076,0.3920520733936669,0.017692307692307695,0.3743597657013592,0.47783367738001725,0,0.12963084902418132,0,0,7.462826824898111
1108,0.41583106821744387,0.4484246167838351,0.008333333333333335,0.44009128345050175,0.42559610728788017,0,0.1258673988382602,0,0,6.675846274947785
1110,0.41027699471628176,0.4194050495386893,0.041233766233766234,0.37817128330492306,0.45133488376673664,0,0.12186669479798706,0,0,7.92817320908204
1112,0.34362811270233606,0.4089616840022031,0.006666666666666668,0.40229501733553646,0.4436079052925326,0,0.1470888894608305,0,0,7.785717706914342
1114,0.2692518240780778,0.4709815341654616,0.019090909090909092,0.4518906250745525,0.4038037042062025,0,0.1249974260361294,0,0,7.33240581922819
1116,0.17637805588038383,0.5298014246970025,0.03585030165912519,0.49395112303787736,0.3453155180765056,0,0.12482031621538667,0,0,6.572936672245959
1118,0.1512639843968681,0.4691462630988686,0.015882352941176472,0.45326391015769213,0.3944928380382613,0,0.13621170246449135,0,0,8.031061346171239
1120,0.1405422077250594,0.49382542448590216,0,0.49382542448590216,0.3659887451868825,0,0.14004008542588145,0,0,7.659091077924475
1122,0.11489687703708465,0.46203958164406167,0,0.46203958164406167,0.38051270562805606,0,0.15744771272788233,0,0,8.594325819537755
1124,0.11784295080726633,0.5001823544768962,0,0.5001823544768962,0.3569874231005044,0,0.14283022242259963,0,0,8.249218917145955
1126,0.09751021216388145,0.5359997760778599,0.03111111111111111,0.5048886649667488,0.32309660488679526,0,0.14090361903534507,0,0,7.940703154457504
1128,0.11127465518850066,0.5319942588655837,0.025396825396825397,0.5065974334687583,0.32903831708178644,0,0.13896742405262993,0,0,8.605868409697347
1130,0.13083465317085435,0.5838847309771585,0.01,0.5738847309771585,0.27790567000689304,0,0.13814828456911638,0,0,7.457954401293662
1132,0.2207140513070521,0.5762645933764637,0.020192307692307693,0.556072285684156,0.27276105076325047,0,0.15097435586028585,0,0,7.849225278506272
1134,0.06075673447358239,0.5591439408941199,0.013095238095238096,0.5460487027988818,0.2885694927826265,0,0.15228656632325369,0,0,8.940097213838403
1136,0.13484324534995396,0.526751800112379,0,0.526751800112379,0.3042711283561049,0,0.16889988961770128,0,0,10.155948508342894
1138,0.23930812346311664,0.6035606820427625,0.02672619047619048,0.576834491566572,0.243095363004134,0,0.1533439549531035,0,0,8.8312572715906
1140,0.24172293802883932,0.6017065714368048,0.01,0.5917065714368048,0.2275233475473985,0,0.17077008101579688,0,0,8.724943270570686
1142,0.22989034665679825,0.633537735385634,0,0.633537735385634,0.20501547090316738,0,0.1614467937111986,0,0,8.221393417308533
1144,0.1649318348388584,0.6363906382812113,0,0.6363906382812113,0.1879869381048119,0,0.1716798887097173,0,0,8.000538211712703
1146,0.1253288759610066,0.6016773819938255,0.00909090909090909,0.5925864729029164,0.20828975208028036,0,0.18995940600854716,0,0,9.776859922218229
1148,0.1972903500195422,0.6313103501271791,0.01,0.6213103501271791,0.19362915042101556,0,0.17285649157010902,0,0,9.77912229845266
1150,0.16010220570741307,0.6741753235056736,0,0.6741753235056736,0.15891165592897755,0,0.16691302056534893,0,0,8.545271949216083
1152,0.22554368043849743,0.6429632939895951,0.010427807486631017,0.6325354865029641,0.16703076786918009,0,0.19000593814122474,0,0,9.85992022716916
1154,0.20115405332469843,0.6558952680863818,0.0226984126984127,0.6331968553879691,0.16434128386919383,0,0.17976344804442462,0,0,10.675717680764315
1156,0.2863970074947088,0.7129724692876053,0.0047619047619047615,0.7082105645257005,0.11906473798794374,0,0.16796279272445108,0,0,8.153863747863062
1158,0.30716441275992373,0.7172616259013087,0.02857142857142857,0.6886901973298801,0.11521394854158848,0,0.1675244255571029,0,0,9.22874062391352
1160,0.3030592279981952,0.7140171975346904,0,0.7140171975346904,0.10534907958381827,0,0.18063372288149127,0,0,8.889355732668498
1162,0.3651199623372678,0.6935914300250162,0.035141329258976325,0.6584501007660399,0.10348425787563284,0,0.202924312099351,0,0,10.010434245568069
1164,0.4001347735402465,0.7149553557011725,0.022338772338772343,0.6926165833624002,0.09095950601497935,0,0.19408513828384816,0,0,9.593647493420285
1166,0.37308885040415257,0.7303375932521048,0.0313034188034188,0.699034174448686,0.0789867361843552,0,0.19067567056354,0,0,9.447670129200308
1168,0.4025495881059692,0.7302345076587309,0,0.7302345076587309,0.07283966955922169,0,0.1969258227820476,0,0,9.718564283113356
1170,0.43056143706835215,0.7450874718674194,0,0.7450874718674194,0.0597175029800753,0,0.19519502515250547,0,0,9.351547712294213
1172,0.43708143639580344,0.7538140614596738,0.00909090909090909,0.7447231523687647,0.05192148986224217,0,0.19426444867808418,0,0,9.546394456506196
1174,0.3810577384710374,0.7579660859471726,0.014285714285714287,0.7436803716614584,0.0456383047166881,0,0.19639560933613937,0,0,10.017488023675188
1176,0.45205328670328393,0.7559356172323651,0.0253968253968254,0.7305387918355397,0.03725715114935588,0,0.20680723161827902,0,0,10.247196565919785
1178,0.40351551393225826,0.7453145608721911,0.00909090909090909,0.736223651781282,0.03011182418931156,0,0.22457361493849753,0,0,10.71649593369173
1180,0.4380473622220925,0.7505514343284616,0.01111111111111111,0.7394403232173505,0.022255164022490854,0,0.22719340164904772,0,0,11.647983765948604
1182,0.37067403583843,0.7796084694773966,0,0.7796084694773966,0.017647777847099498,0,0.20274375267550396,0,0,10.038019817986388
1184,0.40593032849798094,0.7756821218596796,0.017142857142857144,0.7585392647168224,0.01574993575680634,0,0.2085679423835142,0,0,10.114804458474062
1186,0.43756439930894786,0.7909501290551623,0.01111111111111111,0.7798390179440512,0.014153082734375193,0,0.19489678821046244,0,0,10.135827940723296
1188,0.37115699875157443,0.7603282321472923,0.0071428571428571435,0.7531853750044352,0.013739070714117386,0,0.22593269713859043,0,0,11.132856001211831
1190,0.4303199556117798,0.7810710355691305,0.006250000000000001,0.7748210355691305,0.011302454308507272,0,0.2076265101223625,0,0,10.587397915908323
1192,0.44480884300611595,0.8066621072236885,0.026025641025641033,0.7806364661980474,0.009370297468184262,0,0.18396759530812734,0,0,9.72988052604433
1194,0.44311847281011,0.8056925439973043,0,0.8056925439973043,0.007624115585333937,0,0.18668334041736215,0,0,8.401839525030343
1196,0.4303199556117798,0.7875191797716273,0.01602564102564103,0.7714935387459863,0.007598823602427677,0,0.20488199662594506,0,0,9.373918549943593
1198,0.4119673649122876,0.7744787294268036,0,0.7744787294268036,0.008291217769769309,0,0.21723005280342728,0,0,11.203625398733479
1200,0.4090695874334204,0.7696763958307133,0.025,0.7446763958307133,0.006673849069144797,0,0.20936404081442744,0,0,10.665340454857567